barcode,ark
39999059011211,al7qa79fn
39999059015840b,al7qfo0sj
39999085945739,al7qfwyqb
39999059015410,al7qgdrze
39999085949194,al7qgj6og
39999059011229,al7roagbk
39999059011633,al7rpspwf
39999059011906,al7rtbdaa
39999059011864,al7rtfm98
39999059011922,al7ru2dtd
39999059015873,al7ru9784
39999059010866,al7ruem0k
39999059015840a,al7rujtck
39999059011385,al7ruv5hw
39999059011690,al7s13kaf
39999059011898,al7s1gj3g
39999059010676,al7s1ky6n
39999059011120,al7s1vh7e
39999059011526,al7s27nhd
39999059010981,al7s2cd3b
39999085948022,al7s2j9n1
39999059011336,al7s2o9pu
39999085948030,al7s2x2hx
39999059011369,al7s35rit
39999059010767,al7s3gxnl
39999059012060,al7s3lxb5
39999059010916,al84rac0k
39999059011278,al84wn6c3
39999059010700b,al84x181c
39999059011021,al88r6vck
39999059015568,al88rid22
39999059011039,al88rqaxb
39999059015550,al88ruzla
39999059012052,al88s1v0s
39999059012011,al88s4yan
39999059011377,al88s7ts3
39999059011393,al88sh4fq
39999059011658,al88svmi0
39999059012029,al88t65e8
39999059015998,al8d3azt7
39999059011112,al88t94uh
39999059011419,al88tkbnj
39999065670588,al88uc5wu
39999059015667,al88ugbpx
39999085945713,al88uukgk
39999059015923,al88uzmc7
39999059011823,al88v41u9
39999059015436,al88ve7yc
39999059011153,al88vit2t
39999059015832b,al88zluq7
39999059011831,al88zokqx
39999059011286,al88zthgi
39999059010668,al88zw3ur
39999059011674,al890hvxc
39999059011682,al890pyr8
39999059012037,al890t4kh
39999059015816,al890was0
39999059011104,al897gjem
39999059010924,al898cv7f
39999059015832a,al898gs5f
39999059010692,al898qw2o
39999059010650,al89922k7
39999085952040,al8bxgkos
39999059011799,al8bxp2kq
39999059010932,al8bxvqnt
39999059011666,al8bxyed5
39999085945721,al8by10f3
39999085945705,al8bybe3e
39999059011880,al8bykjgs
39999059011088,al8byyxrk
39999059010775,al8bz4gvn
39999059011013,al8bzmpdf
39999059012045,al8bzwk1l
39999059011856,al8c05klc
39999059011096,al8c0lgum
39999065704080,al8c0zee3
39999059011914,al8c19lmr
39999059015808,al8c1bo47
39999059010718,al8c1e9ur
39999059010700a,al8c1jaml
39999059010908,al8c28hx3
39999059011708,al8c2bu06
39999059010684,al8c2h4jv
39999059015824,al8c2tuvv
39999059011260,al8c31qra
39999059010999,al8c341zk
39999059011971,al8c36o4e
39999059011468,al8c38wf6
39999059011005,al8c3c271
39999059011849,al8c3eo1p
39999059011401,al8c3hd3q
39999059011872,al8c3krxy
39999059010825,al8c3u1jq
39999059015659,al8c3wda3
39999059010882,al8c3yixh
39999059011492,al8c47si7
39999059011427,al8c4ck7o
39999059015576,al8c4fm97
39999059015428,al8c4jbyl
39999059011625,al8c4phfq
39999059011252,al8c4ryky